cve_entidad,entidad,anio,poblacion,fuente
01,Aguascalientes,2010,1210556,"CONAPO, Proyecciones de la Población de México y de las Entidades Federativas 2020-2070 (revisión 2023), población a mitad de año"
01,Aguascalientes,2011,1238120,"CONAPO, Proyecciones de la Población de México y de las Entidades Federativas 2020-2070 (revisión 2023), población a mitad de año"
01,Aguascalientes,2012,1265972,"CONAPO, Proyecciones de la Población de México y de las Entidades Federativas 2020-2070 (revisión 2023), población a mitad de año"
01,Aguascalientes,2013,1293332,"CONAPO, Proyecciones de la Población de México y de las Entidades Federativas 2020-2070 (revisión 2023), población a mitad de año"
01,Aguascalientes,2014,1320036,"CONAPO, Proyecciones de la Población de México y de las Entidades Federativas 2020-2070 (revisión 2023), población a mitad de año"
01,Aguascalientes,2015,1344649,"CONAPO, Proyecciones de la Población de México y de las Entidades Federativas 2020-2070 (revisión 2023), población a mitad de año"
01,Aguascalientes,2016,1367412,"CONAPO, Proyecciones de la Población de México y de las Entidades Federativas 2020-2070 (revisión 2023), población a mitad de año"
01,Aguascalientes,2017,1389971,"CONAPO, Proyecciones de la Población de México y de las Entidades Federativas 2020-2070 (revisión 2023), población a mitad de año"
01,Aguascalientes,2018,1413003,"CONAPO, Proyecciones de la Población de México y de las Entidades Federativas 2020-2070 (revisión 2023), población a mitad de año"
01,Aguascalientes,2019,1436338,"CONAPO, Proyecciones de la Población de México y de las Entidades Federativas 2020-2070 (revisión 2023), población a mitad de año"
01,Aguascalientes,2020,1456050,"CONAPO, Proyecciones de la Población de México y de las Entidades Federativas 2020-2070 (revisión 2023), población a mitad de año"
01,Aguascalientes,2021,1472645,"CONAPO, Proyecciones de la Población de México y de las Entidades Federativas 2020-2070 (revisión 2023), población a mitad de año"
01,Aguascalientes,2022,1491126,"CONAPO, Proyecciones de la Población de México y de las Entidades Federativas 2020-2070 (revisión 2023), población a mitad de año"
01,Aguascalientes,2023,1510839,"CONAPO, Proyecciones de la Población de México y de las Entidades Federativas 2020-2070 (revisión 2023), población a mitad de año"
01,Aguascalientes,2024,1530185,"CONAPO, Proyecciones de la Población de México y de las Entidades Federativas 2020-2070 (revisión 2023), población a mitad de año"
01,Aguascalientes,2025,1549118,"CONAPO, Proyecciones de la Población de México y de las Entidades Federativas 2020-2070 (revisión 2023), población a mitad de año"
01,Aguascalientes,2026,1567559,"CONAPO, Proyecciones de la Población de México y de las Entidades Federativas 2020-2070 (revisión 2023), población a mitad de año"
02,Baja California,2010,3194264,"CONAPO, Proyecciones de la Población de México y de las Entidades Federativas 2020-2070 (revisión 2023), población a mitad de año"
02,Baja California,2011,3241111,"CONAPO, Proyecciones de la Población de México y de las Entidades Federativas 2020-2070 (revisión 2023), población a mitad de año"
02,Baja California,2012,3280221,"CONAPO, Proyecciones de la Población de México y de las Entidades Federativas 2020-2070 (revisión 2023), población a mitad de año"
02,Baja California,2013,3316849,"CONAPO, Proyecciones de la Población de México y de las Entidades Federativas 2020-2070 (revisión 2023), población a mitad de año"
02,Baja California,2014,3350881,"CONAPO, Proyecciones de la Población de México y de las Entidades Federativas 2020-2070 (revisión 2023), población a mitad de año"
02,Baja California,2015,3406162,"CONAPO, Proyecciones de la Población de México y de las Entidades Federativas 2020-2070 (revisión 2023), población a mitad de año"
02,Baja California,2016,3490609,"CONAPO, Proyecciones de la Población de México y de las Entidades Federativas 2020-2070 (revisión 2023), población a mitad de año"
02,Baja California,2017,3581745,"CONAPO, Proyecciones de la Población de México y de las Entidades Federativas 2020-2070 (revisión 2023), población a mitad de año"
02,Baja California,2018,3674434,"CONAPO, Proyecciones de la Población de México y de las Entidades Federativas 2020-2070 (revisión 2023), población a mitad de año"
02,Baja California,2019,3767720,"CONAPO, Proyecciones de la Población de México y de las Entidades Federativas 2020-2070 (revisión 2023), población a mitad de año"
02,Baja California,2020,3838619,"CONAPO, Proyecciones de la Población de México y de las Entidades Federativas 2020-2070 (revisión 2023), población a mitad de año"
02,Baja California,2021,3889925,"CONAPO, Proyecciones de la Población de México y de las Entidades Federativas 2020-2070 (revisión 2023), población a mitad de año"
02,Baja California,2022,3948201,"CONAPO, Proyecciones de la Población de México y de las Entidades Federativas 2020-2070 (revisión 2023), población a mitad de año"
02,Baja California,2023,4010510,"CONAPO, Proyecciones de la Población de México y de las Entidades Federativas 2020-2070 (revisión 2023), población a mitad de año"
02,Baja California,2024,4071872,"CONAPO, Proyecciones de la Población de México y de las Entidades Federativas 2020-2070 (revisión 2023), población a mitad de año"
02,Baja California,2025,4131619,"CONAPO, Proyecciones de la Población de México y de las Entidades Federativas 2020-2070 (revisión 2023), población a mitad de año"
02,Baja California,2026,4189285,"CONAPO, Proyecciones de la Población de México y de las Entidades Federativas 2020-2070 (revisión 2023), población a mitad de año"
03,Baja California Sur,2010,646019,"CONAPO, Proyecciones de la Población de México y de las Entidades Federativas 2020-2070 (revisión 2023), población a mitad de año"
03,Baja California Sur,2011,665112,"CONAPO, Proyecciones de la Población de México y de las Entidades Federativas 2020-2070 (revisión 2023), población a mitad de año"
03,Baja California Sur,2012,681803,"CONAPO, Proyecciones de la Población de México y de las Entidades Federativas 2020-2070 (revisión 2023), población a mitad de año"
03,Baja California Sur,2013,698209,"CONAPO, Proyecciones de la Población de México y de las Entidades Federativas 2020-2070 (revisión 2023), población a mitad de año"
03,Baja California Sur,2014,714281,"CONAPO, Proyecciones de la Población de México y de las Entidades Federativas 2020-2070 (revisión 2023), población a mitad de año"
03,Baja California Sur,2015,730405,"CONAPO, Proyecciones de la Población de México y de las Entidades Federativas 2020-2070 (revisión 2023), población a mitad de año"
03,Baja California Sur,2016,746827,"CONAPO, Proyecciones de la Población de México y de las Entidades Federativas 2020-2070 (revisión 2023), población a mitad de año"
03,Baja California Sur,2017,763394,"CONAPO, Proyecciones de la Población de México y de las Entidades Federativas 2020-2070 (revisión 2023), población a mitad de año"
03,Baja California Sur,2018,780416,"CONAPO, Proyecciones de la Población de México y de las Entidades Federativas 2020-2070 (revisión 2023), población a mitad de año"
03,Baja California Sur,2019,797758,"CONAPO, Proyecciones de la Población de México y de las Entidades Federativas 2020-2070 (revisión 2023), población a mitad de año"
03,Baja California Sur,2020,815098,"CONAPO, Proyecciones de la Población de México y de las Entidades Federativas 2020-2070 (revisión 2023), población a mitad de año"
03,Baja California Sur,2021,831832,"CONAPO, Proyecciones de la Población de México y de las Entidades Federativas 2020-2070 (revisión 2023), población a mitad de año"
03,Baja California Sur,2022,849224,"CONAPO, Proyecciones de la Población de México y de las Entidades Federativas 2020-2070 (revisión 2023), población a mitad de año"
03,Baja California Sur,2023,867766,"CONAPO, Proyecciones de la Población de México y de las Entidades Federativas 2020-2070 (revisión 2023), población a mitad de año"
03,Baja California Sur,2024,886050,"CONAPO, Proyecciones de la Población de México y de las Entidades Federativas 2020-2070 (revisión 2023), población a mitad de año"
03,Baja California Sur,2025,904052,"CONAPO, Proyecciones de la Población de México y de las Entidades Federativas 2020-2070 (revisión 2023), población a mitad de año"
03,Baja California Sur,2026,921734,"CONAPO, Proyecciones de la Población de México y de las Entidades Federativas 2020-2070 (revisión 2023), población a mitad de año"
04,Campeche,2010,839767,"CONAPO, Proyecciones de la Población de México y de las Entidades Federativas 2020-2070 (revisión 2023), población a mitad de año"
04,Campeche,2011,855626,"CONAPO, Proyecciones de la Población de México y de las Entidades Federativas 2020-2070 (revisión 2023), población a mitad de año"
04,Campeche,2012,872482,"CONAPO, Proyecciones de la Población de México y de las Entidades Federativas 2020-2070 (revisión 2023), población a mitad de año"
04,Campeche,2013,889136,"CONAPO, Proyecciones de la Población de México y de las Entidades Federativas 2020-2070 (revisión 2023), población a mitad de año"
04,Campeche,2014,905316,"CONAPO, Proyecciones de la Población de México y de las Entidades Federativas 2020-2070 (revisión 2023), población a mitad de año"
04,Campeche,2015,917075,"CONAPO, Proyecciones de la Población de México y de las Entidades Federativas 2020-2070 (revisión 2023), población a mitad de año"
04,Campeche,2016,923399,"CONAPO, Proyecciones de la Población de México y de las Entidades Federativas 2020-2070 (revisión 2023), población a mitad de año"
04,Campeche,2017,927991,"CONAPO, Proyecciones de la Población de México y de las Entidades Federativas 2020-2070 (revisión 2023), población a mitad de año"
04,Campeche,2018,932320,"CONAPO, Proyecciones de la Población de México y de las Entidades Federativas 2020-2070 (revisión 2023), población a mitad de año"
04,Campeche,2019,936190,"CONAPO, Proyecciones de la Población de México y de las Entidades Federativas 2020-2070 (revisión 2023), población a mitad de año"
04,Campeche,2020,939179,"CONAPO, Proyecciones de la Población de México y de las Entidades Federativas 2020-2070 (revisión 2023), población a mitad de año"
04,Campeche,2021,941684,"CONAPO, Proyecciones de la Población de México y de las Entidades Federativas 2020-2070 (revisión 2023), población a mitad de año"
04,Campeche,2022,945445,"CONAPO, Proyecciones de la Población de México y de las Entidades Federativas 2020-2070 (revisión 2023), población a mitad de año"
04,Campeche,2023,950291,"CONAPO, Proyecciones de la Población de México y de las Entidades Federativas 2020-2070 (revisión 2023), población a mitad de año"
04,Campeche,2024,954659,"CONAPO, Proyecciones de la Población de México y de las Entidades Federativas 2020-2070 (revisión 2023), población a mitad de año"
04,Campeche,2025,958567,"CONAPO, Proyecciones de la Población de México y de las Entidades Federativas 2020-2070 (revisión 2023), población a mitad de año"
04,Campeche,2026,962014,"CONAPO, Proyecciones de la Población de México y de las Entidades Federativas 2020-2070 (revisión 2023), población a mitad de año"
05,Coahuila,2010,2803245,"CONAPO, Proyecciones de la Población de México y de las Entidades Federativas 2020-2070 (revisión 2023), población a mitad de año"
05,Coahuila,2011,2850340,"CONAPO, Proyecciones de la Población de México y de las Entidades Federativas 2020-2070 (revisión 2023), población a mitad de año"
05,Coahuila,2012,2895110,"CONAPO, Proyecciones de la Población de México y de las Entidades Federativas 2020-2070 (revisión 2023), población a mitad de año"
05,Coahuila,2013,2938067,"CONAPO, Proyecciones de la Población de México y de las Entidades Federativas 2020-2070 (revisión 2023), población a mitad de año"
05,Coahuila,2014,2978928,"CONAPO, Proyecciones de la Población de México y de las Entidades Federativas 2020-2070 (revisión 2023), población a mitad de año"
05,Coahuila,2015,3017320,"CONAPO, Proyecciones de la Población de México y de las Entidades Federativas 2020-2070 (revisión 2023), población a mitad de año"
05,Coahuila,2016,3053932,"CONAPO, Proyecciones de la Población de México y de las Entidades Federativas 2020-2070 (revisión 2023), población a mitad de año"
05,Coahuila,2017,3089757,"CONAPO, Proyecciones de la Población de México y de las Entidades Federativas 2020-2070 (revisión 2023), población a mitad de año"
05,Coahuila,2018,3126107,"CONAPO, Proyecciones de la Población de México y de las Entidades Federativas 2020-2070 (revisión 2023), población a mitad de año"
05,Coahuila,2019,3162465,"CONAPO, Proyecciones de la Población de México y de las Entidades Federativas 2020-2070 (revisión 2023), población a mitad de año"
05,Coahuila,2020,3197122,"CONAPO, Proyecciones de la Población de México y de las Entidades Federativas 2020-2070 (revisión 2023), población a mitad de año"
05,Coahuila,2021,3232850,"CONAPO, Proyecciones de la Población de México y de las Entidades Federativas 2020-2070 (revisión 2023), población a mitad de año"
05,Coahuila,2022,3273658,"CONAPO, Proyecciones de la Población de México y de las Entidades Federativas 2020-2070 (revisión 2023), población a mitad de año"
05,Coahuila,2023,3316738,"CONAPO, Proyecciones de la Población de México y de las Entidades Federativas 2020-2070 (revisión 2023), población a mitad de año"
05,Coahuila,2024,3358991,"CONAPO, Proyecciones de la Población de México y de las Entidades Federativas 2020-2070 (revisión 2023), población a mitad de año"
05,Coahuila,2025,3400257,"CONAPO, Proyecciones de la Población de México y de las Entidades Federativas 2020-2070 (revisión 2023), población a mitad de año"
05,Coahuila,2026,3440385,"CONAPO, Proyecciones de la Población de México y de las Entidades Federativas 2020-2070 (revisión 2023), población a mitad de año"
06,Colima,2010,662102,"CONAPO, Proyecciones de la Población de México y de las Entidades Federativas 2020-2070 (revisión 2023), población a mitad de año"
06,Colima,2011,676799,"CONAPO, Proyecciones de la Población de México y de las Entidades Federativas 2020-2070 (revisión 2023), población a mitad de año"
06,Colima,2012,690163,"CONAPO, Proyecciones de la Población de México y de las Entidades Federativas 2020-2070 (revisión 2023), población a mitad de año"
06,Colima,2013,702992,"CONAPO, Proyecciones de la Población de México y de las Entidades Federativas 2020-2070 (revisión 2023), población a mitad de año"
06,Colima,2014,715359,"CONAPO, Proyecciones de la Población de México y de las Entidades Federativas 2020-2070 (revisión 2023), población a mitad de año"
06,Colima,2015,724011,"CONAPO, Proyecciones de la Población de México y de las Entidades Federativas 2020-2070 (revisión 2023), población a mitad de año"
06,Colima,2016,728544,"CONAPO, Proyecciones de la Población de México y de las Entidades Federativas 2020-2070 (revisión 2023), población a mitad de año"
06,Colima,2017,732464,"CONAPO, Proyecciones de la Población de México y de las Entidades Federativas 2020-2070 (revisión 2023), población a mitad de año"
06,Colima,2018,736743,"CONAPO, Proyecciones de la Población de México y de las Entidades Federativas 2020-2070 (revisión 2023), población a mitad de año"
06,Colima,2019,741130,"CONAPO, Proyecciones de la Población de México y de las Entidades Federativas 2020-2070 (revisión 2023), población a mitad de año"
06,Colima,2020,745122,"CONAPO, Proyecciones de la Población de México y de las Entidades Federativas 2020-2070 (revisión 2023), población a mitad de año"
06,Colima,2021,748315,"CONAPO, Proyecciones de la Población de México y de las Entidades Federativas 2020-2070 (revisión 2023), población a mitad de año"
06,Colima,2022,752247,"CONAPO, Proyecciones de la Población de México y de las Entidades Federativas 2020-2070 (revisión 2023), población a mitad de año"
06,Colima,2023,757405,"CONAPO, Proyecciones de la Población de México y de las Entidades Federativas 2020-2070 (revisión 2023), población a mitad de año"
06,Colima,2024,762387,"CONAPO, Proyecciones de la Población de México y de las Entidades Federativas 2020-2070 (revisión 2023), población a mitad de año"
06,Colima,2025,767105,"CONAPO, Proyecciones de la Población de México y de las Entidades Federativas 2020-2070 (revisión 2023), población a mitad de año"
06,Colima,2026,771538,"CONAPO, Proyecciones de la Población de México y de las Entidades Federativas 2020-2070 (revisión 2023), población a mitad de año"
07,Chiapas,2010,4939084,"CONAPO, Proyecciones de la Población de México y de las Entidades Federativas 2020-2070 (revisión 2023), población a mitad de año"
07,Chiapas,2011,5036751,"CONAPO, Proyecciones de la Población de México y de las Entidades Federativas 2020-2070 (revisión 2023), población a mitad de año"
07,Chiapas,2012,5129764,"CONAPO, Proyecciones de la Población de México y de las Entidades Federativas 2020-2070 (revisión 2023), población a mitad de año"
07,Chiapas,2013,5220498,"CONAPO, Proyecciones de la Población de México y de las Entidades Federativas 2020-2070 (revisión 2023), población a mitad de año"
07,Chiapas,2014,5308440,"CONAPO, Proyecciones de la Población de México y de las Entidades Federativas 2020-2070 (revisión 2023), población a mitad de año"
07,Chiapas,2015,5386294,"CONAPO, Proyecciones de la Población de México y de las Entidades Federativas 2020-2070 (revisión 2023), población a mitad de año"
07,Chiapas,2016,5453377,"CONAPO, Proyecciones de la Población de México y de las Entidades Federativas 2020-2070 (revisión 2023), población a mitad de año"
07,Chiapas,2017,5517445,"CONAPO, Proyecciones de la Población de México y de las Entidades Federativas 2020-2070 (revisión 2023), población a mitad de año"
07,Chiapas,2018,5582946,"CONAPO, Proyecciones de la Población de México y de las Entidades Federativas 2020-2070 (revisión 2023), población a mitad de año"
07,Chiapas,2019,5648179,"CONAPO, Proyecciones de la Población de México y de las Entidades Federativas 2020-2070 (revisión 2023), población a mitad de año"
07,Chiapas,2020,5715260,"CONAPO, Proyecciones de la Población de México y de las Entidades Federativas 2020-2070 (revisión 2023), población a mitad de año"
07,Chiapas,2021,5785553,"CONAPO, Proyecciones de la Población de México y de las Entidades Federativas 2020-2070 (revisión 2023), población a mitad de año"
07,Chiapas,2022,5862882,"CONAPO, Proyecciones de la Población de México y de las Entidades Federativas 2020-2070 (revisión 2023), población a mitad de año"
07,Chiapas,2023,5946352,"CONAPO, Proyecciones de la Población de México y de las Entidades Federativas 2020-2070 (revisión 2023), población a mitad de año"
07,Chiapas,2024,6028154,"CONAPO, Proyecciones de la Población de México y de las Entidades Federativas 2020-2070 (revisión 2023), población a mitad de año"
07,Chiapas,2025,6107903,"CONAPO, Proyecciones de la Población de México y de las Entidades Federativas 2020-2070 (revisión 2023), población a mitad de año"
07,Chiapas,2026,6185469,"CONAPO, Proyecciones de la Población de México y de las Entidades Federativas 2020-2070 (revisión 2023), población a mitad de año"
08,Chihuahua,2010,3461968,"CONAPO, Proyecciones de la Población de México y de las Entidades Federativas 2020-2070 (revisión 2023), población a mitad de año"
08,Chihuahua,2011,3496283,"CONAPO, Proyecciones de la Población de México y de las Entidades Federativas 2020-2070 (revisión 2023), población a mitad de año"
08,Chihuahua,2012,3530461,"CONAPO, Proyecciones de la Población de México y de las Entidades Federativas 2020-2070 (revisión 2023), población a mitad de año"
08,Chihuahua,2013,3561862,"CONAPO, Proyecciones de la Población de México y de las Entidades Federativas 2020-2070 (revisión 2023), población a mitad de año"
08,Chihuahua,2014,3590487,"CONAPO, Proyecciones de la Población de México y de las Entidades Federativas 2020-2070 (revisión 2023), población a mitad de año"
08,Chihuahua,2015,3621545,"CONAPO, Proyecciones de la Población de México y de las Entidades Federativas 2020-2070 (revisión 2023), población a mitad de año"
08,Chihuahua,2016,3657794,"CONAPO, Proyecciones de la Población de México y de las Entidades Federativas 2020-2070 (revisión 2023), población a mitad de año"
08,Chihuahua,2017,3695619,"CONAPO, Proyecciones de la Población de México y de las Entidades Federativas 2020-2070 (revisión 2023), población a mitad de año"
08,Chihuahua,2018,3735414,"CONAPO, Proyecciones de la Población de México y de las Entidades Federativas 2020-2070 (revisión 2023), población a mitad de año"
08,Chihuahua,2019,3775295,"CONAPO, Proyecciones de la Población de México y de las Entidades Federativas 2020-2070 (revisión 2023), población a mitad de año"
08,Chihuahua,2020,3812627,"CONAPO, Proyecciones de la Población de México y de las Entidades Federativas 2020-2070 (revisión 2023), población a mitad de año"
08,Chihuahua,2021,3851891,"CONAPO, Proyecciones de la Población de México y de las Entidades Federativas 2020-2070 (revisión 2023), población a mitad de año"
08,Chihuahua,2022,3898274,"CONAPO, Proyecciones de la Población de México y de las Entidades Federativas 2020-2070 (revisión 2023), población a mitad de año"
08,Chihuahua,2023,3947936,"CONAPO, Proyecciones de la Población de México y de las Entidades Federativas 2020-2070 (revisión 2023), población a mitad de año"
08,Chihuahua,2024,3996504,"CONAPO, Proyecciones de la Población de México y de las Entidades Federativas 2020-2070 (revisión 2023), población a mitad de año"
08,Chihuahua,2025,4043130,"CONAPO, Proyecciones de la Población de México y de las Entidades Federativas 2020-2070 (revisión 2023), población a mitad de año"
08,Chihuahua,2026,4087306,"CONAPO, Proyecciones de la Población de México y de las Entidades Federativas 2020-2070 (revisión 2023), población a mitad de año"
09,Ciudad de México,2010,9044151,"CONAPO, Proyecciones de la Población de México y de las Entidades Federativas 2020-2070 (revisión 2023), población a mitad de año"
09,Ciudad de México,2011,9074286,"CONAPO, Proyecciones de la Población de México y de las Entidades Federativas 2020-2070 (revisión 2023), población a mitad de año"
09,Ciudad de México,2012,9102171,"CONAPO, Proyecciones de la Población de México y de las Entidades Federativas 2020-2070 (revisión 2023), población a mitad de año"
09,Ciudad de México,2013,9121489,"CONAPO, Proyecciones de la Población de México y de las Entidades Federativas 2020-2070 (revisión 2023), población a mitad de año"
09,Ciudad de México,2014,9131261,"CONAPO, Proyecciones de la Población de México y de las Entidades Federativas 2020-2070 (revisión 2023), población a mitad de año"
09,Ciudad de México,2015,9152227,"CONAPO, Proyecciones de la Población de México y de las Entidades Federativas 2020-2070 (revisión 2023), población a mitad de año"
09,Ciudad de México,2016,9196836,"CONAPO, Proyecciones de la Población de México y de las Entidades Federativas 2020-2070 (revisión 2023), población a mitad de año"
09,Ciudad de México,2017,9246758,"CONAPO, Proyecciones de la Población de México y de las Entidades Federativas 2020-2070 (revisión 2023), población a mitad de año"
09,Ciudad de México,2018,9296268,"CONAPO, Proyecciones de la Población de México y de las Entidades Federativas 2020-2070 (revisión 2023), población a mitad de año"
09,Ciudad de México,2019,9343071,"CONAPO, Proyecciones de la Población de México y de las Entidades Federativas 2020-2070 (revisión 2023), población a mitad de año"
09,Ciudad de México,2020,9332593,"CONAPO, Proyecciones de la Población de México y de las Entidades Federativas 2020-2070 (revisión 2023), población a mitad de año"
09,Ciudad de México,2021,9272649,"CONAPO, Proyecciones de la Población de México y de las Entidades Federativas 2020-2070 (revisión 2023), población a mitad de año"
09,Ciudad de México,2022,9237644,"CONAPO, Proyecciones de la Población de México y de las Entidades Federativas 2020-2070 (revisión 2023), población a mitad de año"
09,Ciudad de México,2023,9221637,"CONAPO, Proyecciones de la Población de México y de las Entidades Federativas 2020-2070 (revisión 2023), población a mitad de año"
09,Ciudad de México,2024,9204018,"CONAPO, Proyecciones de la Población de México y de las Entidades Federativas 2020-2070 (revisión 2023), población a mitad de año"
09,Ciudad de México,2025,9183658,"CONAPO, Proyecciones de la Población de México y de las Entidades Federativas 2020-2070 (revisión 2023), población a mitad de año"
09,Ciudad de México,2026,9159966,"CONAPO, Proyecciones de la Población de México y de las Entidades Federativas 2020-2070 (revisión 2023), población a mitad de año"
10,Durango,2010,1674025,"CONAPO, Proyecciones de la Población de México y de las Entidades Federativas 2020-2070 (revisión 2023), población a mitad de año"
10,Durango,2011,1699319,"CONAPO, Proyecciones de la Población de México y de las Entidades Federativas 2020-2070 (revisión 2023), población a mitad de año"
10,Durango,2012,1724700,"CONAPO, Proyecciones de la Población de México y de las Entidades Federativas 2020-2070 (revisión 2023), población a mitad de año"
10,Durango,2013,1749082,"CONAPO, Proyecciones de la Población de México y de las Entidades Federativas 2020-2070 (revisión 2023), población a mitad de año"
10,Durango,2014,1772225,"CONAPO, Proyecciones de la Población de México y de las Entidades Federativas 2020-2070 (revisión 2023), población a mitad de año"
10,Durango,2015,1791588,"CONAPO, Proyecciones de la Población de México y de las Entidades Federativas 2020-2070 (revisión 2023), población a mitad de año"
10,Durango,2016,1806708,"CONAPO, Proyecciones de la Población de México y de las Entidades Federativas 2020-2070 (revisión 2023), población a mitad de año"
10,Durango,2017,1820182,"CONAPO, Proyecciones de la Población de México y de las Entidades Federativas 2020-2070 (revisión 2023), población a mitad de año"
10,Durango,2018,1833514,"CONAPO, Proyecciones de la Población de México y de las Entidades Federativas 2020-2070 (revisión 2023), población a mitad de año"
10,Durango,2019,1846325,"CONAPO, Proyecciones de la Población de México y de las Entidades Federativas 2020-2070 (revisión 2023), población a mitad de año"
10,Durango,2020,1858155,"CONAPO, Proyecciones de la Población de México y de las Entidades Federativas 2020-2070 (revisión 2023), población a mitad de año"
10,Durango,2021,1870186,"CONAPO, Proyecciones de la Población de México y de las Entidades Federativas 2020-2070 (revisión 2023), población a mitad de año"
10,Durango,2022,1884286,"CONAPO, Proyecciones de la Población de México y de las Entidades Federativas 2020-2070 (revisión 2023), población a mitad de año"
10,Durango,2023,1899457,"CONAPO, Proyecciones de la Población de México y de las Entidades Federativas 2020-2070 (revisión 2023), población a mitad de año"
10,Durango,2024,1913774,"CONAPO, Proyecciones de la Población de México y de las Entidades Federativas 2020-2070 (revisión 2023), población a mitad de año"
10,Durango,2025,1927128,"CONAPO, Proyecciones de la Población de México y de las Entidades Federativas 2020-2070 (revisión 2023), población a mitad de año"
10,Durango,2026,1939482,"CONAPO, Proyecciones de la Población de México y de las Entidades Federativas 2020-2070 (revisión 2023), población a mitad de año"
11,Guanajuato,2010,5594014,"CONAPO, Proyecciones de la Población de México y de las Entidades Federativas 2020-2070 (revisión 2023), población a mitad de año"
11,Guanajuato,2011,5687318,"CONAPO, Proyecciones de la Población de México y de las Entidades Federativas 2020-2070 (revisión 2023), población a mitad de año"
11,Guanajuato,2012,5768956,"CONAPO, Proyecciones de la Población de México y de las Entidades Federativas 2020-2070 (revisión 2023), población a mitad de año"
11,Guanajuato,2013,5846464,"CONAPO, Proyecciones de la Población de México y de las Entidades Federativas 2020-2070 (revisión 2023), población a mitad de año"
11,Guanajuato,2014,5920002,"CONAPO, Proyecciones de la Población de México y de las Entidades Federativas 2020-2070 (revisión 2023), población a mitad de año"
11,Guanajuato,2015,5985087,"CONAPO, Proyecciones de la Población de México y de las Entidades Federativas 2020-2070 (revisión 2023), población a mitad de año"
11,Guanajuato,2016,6042559,"CONAPO, Proyecciones de la Población de México y de las Entidades Federativas 2020-2070 (revisión 2023), población a mitad de año"
11,Guanajuato,2017,6098836,"CONAPO, Proyecciones de la Población de México y de las Entidades Federativas 2020-2070 (revisión 2023), población a mitad de año"
11,Guanajuato,2018,6156841,"CONAPO, Proyecciones de la Población de México y de las Entidades Federativas 2020-2070 (revisión 2023), población a mitad de año"
11,Guanajuato,2019,6214546,"CONAPO, Proyecciones de la Población de México y de las Entidades Federativas 2020-2070 (revisión 2023), población a mitad de año"
11,Guanajuato,2020,6265796,"CONAPO, Proyecciones de la Población de México y de las Entidades Federativas 2020-2070 (revisión 2023), población a mitad de año"
11,Guanajuato,2021,6308964,"CONAPO, Proyecciones de la Población de México y de las Entidades Federativas 2020-2070 (revisión 2023), población a mitad de año"
11,Guanajuato,2022,6360814,"CONAPO, Proyecciones de la Población de México y de las Entidades Federativas 2020-2070 (revisión 2023), población a mitad de año"
11,Guanajuato,2023,6422483,"CONAPO, Proyecciones de la Población de México y de las Entidades Federativas 2020-2070 (revisión 2023), población a mitad de año"
11,Guanajuato,2024,6481538,"CONAPO, Proyecciones de la Población de México y de las Entidades Federativas 2020-2070 (revisión 2023), población a mitad de año"
11,Guanajuato,2025,6537669,"CONAPO, Proyecciones de la Población de México y de las Entidades Federativas 2020-2070 (revisión 2023), población a mitad de año"
11,Guanajuato,2026,6590749,"CONAPO, Proyecciones de la Población de México y de las Entidades Federativas 2020-2070 (revisión 2023), población a mitad de año"
12,Guerrero,2010,3471744,"CONAPO, Proyecciones de la Población de México y de las Entidades Federativas 2020-2070 (revisión 2023), población a mitad de año"
12,Guerrero,2011,3510911,"CONAPO, Proyecciones de la Población de México y de las Entidades Federativas 2020-2070 (revisión 2023), población a mitad de año"
12,Guerrero,2012,3544755,"CONAPO, Proyecciones de la Población de México y de las Entidades Federativas 2020-2070 (revisión 2023), población a mitad de año"
12,Guerrero,2013,3576309,"CONAPO, Proyecciones de la Población de México y de las Entidades Federativas 2020-2070 (revisión 2023), población a mitad de año"
12,Guerrero,2014,3605158,"CONAPO, Proyecciones de la Población de México y de las Entidades Federativas 2020-2070 (revisión 2023), población a mitad de año"
12,Guerrero,2015,3620740,"CONAPO, Proyecciones de la Población de México y de las Entidades Federativas 2020-2070 (revisión 2023), población a mitad de año"
12,Guerrero,2016,3621045,"CONAPO, Proyecciones de la Población de México y de las Entidades Federativas 2020-2070 (revisión 2023), población a mitad de año"
12,Guerrero,2017,3616519,"CONAPO, Proyecciones de la Población de México y de las Entidades Federativas 2020-2070 (revisión 2023), población a mitad de año"
12,Guerrero,2018,3611193,"CONAPO, Proyecciones de la Población de México y de las Entidades Federativas 2020-2070 (revisión 2023), población a mitad de año"
12,Guerrero,2019,3604522,"CONAPO, Proyecciones de la Población de México y de las Entidades Federativas 2020-2070 (revisión 2023), población a mitad de año"
12,Guerrero,2020,3599955,"CONAPO, Proyecciones de la Población de México y de las Entidades Federativas 2020-2070 (revisión 2023), población a mitad de año"
12,Guerrero,2021,3598332,"CONAPO, Proyecciones de la Población de México y de las Entidades Federativas 2020-2070 (revisión 2023), población a mitad de año"
12,Guerrero,2022,3599951,"CONAPO, Proyecciones de la Población de México y de las Entidades Federativas 2020-2070 (revisión 2023), población a mitad de año"
12,Guerrero,2023,3604215,"CONAPO, Proyecciones de la Población de México y de las Entidades Federativas 2020-2070 (revisión 2023), población a mitad de año"
12,Guerrero,2024,3606733,"CONAPO, Proyecciones de la Población de México y de las Entidades Federativas 2020-2070 (revisión 2023), población a mitad de año"
12,Guerrero,2025,3607434,"CONAPO, Proyecciones de la Población de México y de las Entidades Federativas 2020-2070 (revisión 2023), población a mitad de año"
12,Guerrero,2026,3606296,"CONAPO, Proyecciones de la Población de México y de las Entidades Federativas 2020-2070 (revisión 2023), población a mitad de año"
13,Hidalgo,2010,2716134,"CONAPO, Proyecciones de la Población de México y de las Entidades Federativas 2020-2070 (revisión 2023), población a mitad de año"
13,Hidalgo,2011,2765973,"CONAPO, Proyecciones de la Población de México y de las Entidades Federativas 2020-2070 (revisión 2023), población a mitad de año"
13,Hidalgo,2012,2810048,"CONAPO, Proyecciones de la Población de México y de las Entidades Federativas 2020-2070 (revisión 2023), población a mitad de año"
13,Hidalgo,2013,2852032,"CONAPO, Proyecciones de la Población de México y de las Entidades Federativas 2020-2070 (revisión 2023), población a mitad de año"
13,Hidalgo,2014,2891824,"CONAPO, Proyecciones de la Población de México y de las Entidades Federativas 2020-2070 (revisión 2023), población a mitad de año"
13,Hidalgo,2015,2931124,"CONAPO, Proyecciones de la Población de México y de las Entidades Federativas 2020-2070 (revisión 2023), población a mitad de año"
13,Hidalgo,2016,2971554,"CONAPO, Proyecciones de la Población de México y de las Entidades Federativas 2020-2070 (revisión 2023), población a mitad de año"
13,Hidalgo,2017,3012171,"CONAPO, Proyecciones de la Población de México y de las Entidades Federativas 2020-2070 (revisión 2023), población a mitad de año"
13,Hidalgo,2018,3053548,"CONAPO, Proyecciones de la Población de México y de las Entidades Federativas 2020-2070 (revisión 2023), población a mitad de año"
13,Hidalgo,2019,3095127,"CONAPO, Proyecciones de la Población de México y de las Entidades Federativas 2020-2070 (revisión 2023), población a mitad de año"
13,Hidalgo,2020,3130166,"CONAPO, Proyecciones de la Población de México y de las Entidades Federativas 2020-2070 (revisión 2023), población a mitad de año"
13,Hidalgo,2021,3157947,"CONAPO, Proyecciones de la Población de México y de las Entidades Federativas 2020-2070 (revisión 2023), población a mitad de año"
13,Hidalgo,2022,3190331,"CONAPO, Proyecciones de la Población de México y de las Entidades Federativas 2020-2070 (revisión 2023), población a mitad de año"
13,Hidalgo,2023,3227801,"CONAPO, Proyecciones de la Población de México y de las Entidades Federativas 2020-2070 (revisión 2023), población a mitad de año"
13,Hidalgo,2024,3264395,"CONAPO, Proyecciones de la Población de México y de las Entidades Federativas 2020-2070 (revisión 2023), población a mitad de año"
13,Hidalgo,2025,3299857,"CONAPO, Proyecciones de la Población de México y de las Entidades Federativas 2020-2070 (revisión 2023), población a mitad de año"
13,Hidalgo,2026,3334060,"CONAPO, Proyecciones de la Población de México y de las Entidades Federativas 2020-2070 (revisión 2023), población a mitad de año"
14,Jalisco,2010,7517154,"CONAPO, Proyecciones de la Población de México y de las Entidades Federativas 2020-2070 (revisión 2023), población a mitad de año"
14,Jalisco,2011,7633543,"CONAPO, Proyecciones de la Población de México y de las Entidades Federativas 2020-2070 (revisión 2023), población a mitad de año"
14,Jalisco,2012,7743685,"CONAPO, Proyecciones de la Población de México y de las Entidades Federativas 2020-2070 (revisión 2023), población a mitad de año"
14,Jalisco,2013,7847959,"CONAPO, Proyecciones de la Población de México y de las Entidades Federativas 2020-2070 (revisión 2023), población a mitad de año"
14,Jalisco,2014,7945906,"CONAPO, Proyecciones de la Población de México y de las Entidades Federativas 2020-2070 (revisión 2023), población a mitad de año"
14,Jalisco,2015,8040214,"CONAPO, Proyecciones de la Población de México y de las Entidades Federativas 2020-2070 (revisión 2023), población a mitad de año"
14,Jalisco,2016,8134729,"CONAPO, Proyecciones de la Población de México y de las Entidades Federativas 2020-2070 (revisión 2023), población a mitad de año"
14,Jalisco,2017,8229023,"CONAPO, Proyecciones de la Población de México y de las Entidades Federativas 2020-2070 (revisión 2023), población a mitad de año"
14,Jalisco,2018,8325605,"CONAPO, Proyecciones de la Población de México y de las Entidades Federativas 2020-2070 (revisión 2023), población a mitad de año"
14,Jalisco,2019,8423387,"CONAPO, Proyecciones de la Población de México y de las Entidades Federativas 2020-2070 (revisión 2023), población a mitad de año"
14,Jalisco,2020,8507662,"CONAPO, Proyecciones de la Población de México y de las Entidades Federativas 2020-2070 (revisión 2023), población a mitad de año"
14,Jalisco,2021,8573447,"CONAPO, Proyecciones de la Población de México y de las Entidades Federativas 2020-2070 (revisión 2023), población a mitad de año"
14,Jalisco,2022,8647986,"CONAPO, Proyecciones de la Población de México y de las Entidades Federativas 2020-2070 (revisión 2023), población a mitad de año"
14,Jalisco,2023,8735511,"CONAPO, Proyecciones de la Población de México y de las Entidades Federativas 2020-2070 (revisión 2023), población a mitad de año"
14,Jalisco,2024,8820915,"CONAPO, Proyecciones de la Población de México y de las Entidades Federativas 2020-2070 (revisión 2023), población a mitad de año"
14,Jalisco,2025,8903326,"CONAPO, Proyecciones de la Población de México y de las Entidades Federativas 2020-2070 (revisión 2023), población a mitad de año"
14,Jalisco,2026,8982027,"CONAPO, Proyecciones de la Población de México y de las Entidades Federativas 2020-2070 (revisión 2023), población a mitad de año"
15,México,2010,15529760,"CONAPO, Proyecciones de la Población de México y de las Entidades Federativas 2020-2070 (revisión 2023), población a mitad de año"
15,México,2011,15759356,"CONAPO, Proyecciones de la Población de México y de las Entidades Federativas 2020-2070 (revisión 2023), población a mitad de año"
15,México,2012,15989161,"CONAPO, Proyecciones de la Población de México y de las Entidades Federativas 2020-2070 (revisión 2023), población a mitad de año"
15,México,2013,16209259,"CONAPO, Proyecciones de la Población de México y de las Entidades Federativas 2020-2070 (revisión 2023), población a mitad de año"
15,México,2014,16418232,"CONAPO, Proyecciones de la Población de México y de las Entidades Federativas 2020-2070 (revisión 2023), población a mitad de año"
15,México,2015,16594825,"CONAPO, Proyecciones de la Población de México y de las Entidades Federativas 2020-2070 (revisión 2023), población a mitad de año"
15,México,2016,16737401,"CONAPO, Proyecciones de la Población de México y de las Entidades Federativas 2020-2070 (revisión 2023), población a mitad de año"
15,México,2017,16870063,"CONAPO, Proyecciones de la Población de México y de las Entidades Federativas 2020-2070 (revisión 2023), población a mitad de año"
15,México,2018,17005733,"CONAPO, Proyecciones de la Población de México y de las Entidades Federativas 2020-2070 (revisión 2023), población a mitad de año"
15,México,2019,17141518,"CONAPO, Proyecciones de la Población de México y de las Entidades Federativas 2020-2070 (revisión 2023), población a mitad de año"
15,México,2020,17236788,"CONAPO, Proyecciones de la Población de México y de las Entidades Federativas 2020-2070 (revisión 2023), población a mitad de año"
15,México,2021,17291050,"CONAPO, Proyecciones de la Población de México y de las Entidades Federativas 2020-2070 (revisión 2023), población a mitad de año"
15,México,2022,17379644,"CONAPO, Proyecciones de la Población de México y de las Entidades Federativas 2020-2070 (revisión 2023), población a mitad de año"
15,México,2023,17501220,"CONAPO, Proyecciones de la Población de México y de las Entidades Federativas 2020-2070 (revisión 2023), población a mitad de año"
15,México,2024,17616018,"CONAPO, Proyecciones de la Población de México y de las Entidades Federativas 2020-2070 (revisión 2023), población a mitad de año"
15,México,2025,17723173,"CONAPO, Proyecciones de la Población de México y de las Entidades Federativas 2020-2070 (revisión 2023), población a mitad de año"
15,México,2026,17822420,"CONAPO, Proyecciones de la Población de México y de las Entidades Federativas 2020-2070 (revisión 2023), población a mitad de año"
16,Michoacán,2010,4448775,"CONAPO, Proyecciones de la Población de México y de las Entidades Federativas 2020-2070 (revisión 2023), población a mitad de año"
16,Michoacán,2011,4507636,"CONAPO, Proyecciones de la Población de México y de las Entidades Federativas 2020-2070 (revisión 2023), población a mitad de año"
16,Michoacán,2012,4558445,"CONAPO, Proyecciones de la Población de México y de las Entidades Federativas 2020-2070 (revisión 2023), población a mitad de año"
16,Michoacán,2013,4605304,"CONAPO, Proyecciones de la Población de México y de las Entidades Federativas 2020-2070 (revisión 2023), población a mitad de año"
16,Michoacán,2014,4648296,"CONAPO, Proyecciones de la Población de México y de las Entidades Federativas 2020-2070 (revisión 2023), población a mitad de año"
16,Michoacán,2015,4683987,"CONAPO, Proyecciones de la Población de México y de las Entidades Federativas 2020-2070 (revisión 2023), población a mitad de año"
16,Michoacán,2016,4712935,"CONAPO, Proyecciones de la Población de México y de las Entidades Federativas 2020-2070 (revisión 2023), población a mitad de año"
16,Michoacán,2017,4740170,"CONAPO, Proyecciones de la Población de México y de las Entidades Federativas 2020-2070 (revisión 2023), población a mitad de año"
16,Michoacán,2018,4769382,"CONAPO, Proyecciones de la Población de México y de las Entidades Federativas 2020-2070 (revisión 2023), población a mitad de año"
16,Michoacán,2019,4798352,"CONAPO, Proyecciones de la Población de México y de las Entidades Federativas 2020-2070 (revisión 2023), población a mitad de año"
16,Michoacán,2020,4830267,"CONAPO, Proyecciones de la Población de México y de las Entidades Federativas 2020-2070 (revisión 2023), población a mitad de año"
16,Michoacán,2021,4862597,"CONAPO, Proyecciones de la Población de México y de las Entidades Federativas 2020-2070 (revisión 2023), población a mitad de año"
16,Michoacán,2022,4901506,"CONAPO, Proyecciones de la Población de México y de las Entidades Federativas 2020-2070 (revisión 2023), población a mitad de año"
16,Michoacán,2023,4950601,"CONAPO, Proyecciones de la Población de México y de las Entidades Federativas 2020-2070 (revisión 2023), población a mitad de año"
16,Michoacán,2024,4998654,"CONAPO, Proyecciones de la Población de México y de las Entidades Federativas 2020-2070 (revisión 2023), población a mitad de año"
16,Michoacán,2025,5045030,"CONAPO, Proyecciones de la Población de México y de las Entidades Federativas 2020-2070 (revisión 2023), población a mitad de año"
16,Michoacán,2026,5089383,"CONAPO, Proyecciones de la Población de México y de las Entidades Federativas 2020-2070 (revisión 2023), población a mitad de año"
17,Morelos,2010,1810968,"CONAPO, Proyecciones de la Población de México y de las Entidades Federativas 2020-2070 (revisión 2023), población a mitad de año"
17,Morelos,2011,1840796,"CONAPO, Proyecciones de la Población de México y de las Entidades Federativas 2020-2070 (revisión 2023), población a mitad de año"
17,Morelos,2012,1868737,"CONAPO, Proyecciones de la Población de México y de las Entidades Federativas 2020-2070 (revisión 2023), población a mitad de año"
17,Morelos,2013,1895682,"CONAPO, Proyecciones de la Población de México y de las Entidades Federativas 2020-2070 (revisión 2023), población a mitad de año"
17,Morelos,2014,1921450,"CONAPO, Proyecciones de la Población de México y de las Entidades Federativas 2020-2070 (revisión 2023), población a mitad de año"
17,Morelos,2015,1941580,"CONAPO, Proyecciones de la Población de México y de las Entidades Federativas 2020-2070 (revisión 2023), población a mitad de año"
17,Morelos,2016,1955483,"CONAPO, Proyecciones de la Población de México y de las Entidades Federativas 2020-2070 (revisión 2023), población a mitad de año"
17,Morelos,2017,1967810,"CONAPO, Proyecciones de la Población de México y de las Entidades Federativas 2020-2070 (revisión 2023), población a mitad de año"
17,Morelos,2018,1980405,"CONAPO, Proyecciones de la Población de México y de las Entidades Federativas 2020-2070 (revisión 2023), población a mitad de año"
17,Morelos,2019,1992901,"CONAPO, Proyecciones de la Población de México y de las Entidades Federativas 2020-2070 (revisión 2023), población a mitad de año"
17,Morelos,2020,2002754,"CONAPO, Proyecciones de la Población de México y de las Entidades Federativas 2020-2070 (revisión 2023), población a mitad de año"
17,Morelos,2021,2008274,"CONAPO, Proyecciones de la Población de México y de las Entidades Federativas 2020-2070 (revisión 2023), población a mitad de año"
17,Morelos,2022,2017078,"CONAPO, Proyecciones de la Población de México y de las Entidades Federativas 2020-2070 (revisión 2023), población a mitad de año"
17,Morelos,2023,2030857,"CONAPO, Proyecciones de la Población de México y de las Entidades Federativas 2020-2070 (revisión 2023), población a mitad de año"
17,Morelos,2024,2043884,"CONAPO, Proyecciones de la Población de México y de las Entidades Federativas 2020-2070 (revisión 2023), población a mitad de año"
17,Morelos,2025,2056103,"CONAPO, Proyecciones de la Población de México y de las Entidades Federativas 2020-2070 (revisión 2023), población a mitad de año"
17,Morelos,2026,2067472,"CONAPO, Proyecciones de la Población de México y de las Entidades Federativas 2020-2070 (revisión 2023), población a mitad de año"
18,Nayarit,2010,1104566,"CONAPO, Proyecciones de la Población de México y de las Entidades Federativas 2020-2070 (revisión 2023), población a mitad de año"
18,Nayarit,2011,1126347,"CONAPO, Proyecciones de la Población de México y de las Entidades Federativas 2020-2070 (revisión 2023), población a mitad de año"
18,Nayarit,2012,1146453,"CONAPO, Proyecciones de la Población de México y de las Entidades Federativas 2020-2070 (revisión 2023), población a mitad de año"
18,Nayarit,2013,1165666,"CONAPO, Proyecciones de la Población de México y de las Entidades Federativas 2020-2070 (revisión 2023), población a mitad de año"
18,Nayarit,2014,1183925,"CONAPO, Proyecciones de la Población de México y de las Entidades Federativas 2020-2070 (revisión 2023), población a mitad de año"
18,Nayarit,2015,1198804,"CONAPO, Proyecciones de la Población de México y de las Entidades Federativas 2020-2070 (revisión 2023), población a mitad de año"
18,Nayarit,2016,1209787,"CONAPO, Proyecciones de la Población de México y de las Entidades Federativas 2020-2070 (revisión 2023), población a mitad de año"
18,Nayarit,2017,1219657,"CONAPO, Proyecciones de la Población de México y de las Entidades Federativas 2020-2070 (revisión 2023), población a mitad de año"
18,Nayarit,2018,1230058,"CONAPO, Proyecciones de la Población de México y de las Entidades Federativas 2020-2070 (revisión 2023), población a mitad de año"
18,Nayarit,2019,1240909,"CONAPO, Proyecciones de la Población de México y de las Entidades Federativas 2020-2070 (revisión 2023), población a mitad de año"
18,Nayarit,2020,1252690,"CONAPO, Proyecciones de la Población de México y de las Entidades Federativas 2020-2070 (revisión 2023), población a mitad de año"
18,Nayarit,2021,1264932,"CONAPO, Proyecciones de la Población de México y de las Entidades Federativas 2020-2070 (revisión 2023), población a mitad de año"
18,Nayarit,2022,1278605,"CONAPO, Proyecciones de la Población de México y de las Entidades Federativas 2020-2070 (revisión 2023), población a mitad de año"
18,Nayarit,2023,1294124,"CONAPO, Proyecciones de la Población de México y de las Entidades Federativas 2020-2070 (revisión 2023), población a mitad de año"
18,Nayarit,2024,1309432,"CONAPO, Proyecciones de la Población de México y de las Entidades Federativas 2020-2070 (revisión 2023), población a mitad de año"
18,Nayarit,2025,1324282,"CONAPO, Proyecciones de la Población de México y de las Entidades Federativas 2020-2070 (revisión 2023), población a mitad de año"
18,Nayarit,2026,1338499,"CONAPO, Proyecciones de la Población de México y de las Entidades Federativas 2020-2070 (revisión 2023), población a mitad de año"
19,Nuevo León,2010,4753609,"CONAPO, Proyecciones de la Población de México y de las Entidades Federativas 2020-2070 (revisión 2023), población a mitad de año"
19,Nuevo León,2011,4854677,"CONAPO, Proyecciones de la Población de México y de las Entidades Federativas 2020-2070 (revisión 2023), población a mitad de año"
19,Nuevo León,2012,4957369,"CONAPO, Proyecciones de la Población de México y de las Entidades Federativas 2020-2070 (revisión 2023), población a mitad de año"
19,Nuevo León,2013,5058154,"CONAPO, Proyecciones de la Población de México y de las Entidades Federativas 2020-2070 (revisión 2023), población a mitad de año"
19,Nuevo León,2014,5156442,"CONAPO, Proyecciones de la Población de México y de las Entidades Federativas 2020-2070 (revisión 2023), población a mitad de año"
19,Nuevo León,2015,5266220,"CONAPO, Proyecciones de la Población de México y de las Entidades Federativas 2020-2070 (revisión 2023), población a mitad de año"
19,Nuevo León,2016,5392796,"CONAPO, Proyecciones de la Población de México y de las Entidades Federativas 2020-2070 (revisión 2023), población a mitad de año"
19,Nuevo León,2017,5523593,"CONAPO, Proyecciones de la Población de México y de las Entidades Federativas 2020-2070 (revisión 2023), población a mitad de año"
19,Nuevo León,2018,5657159,"CONAPO, Proyecciones de la Población de México y de las Entidades Federativas 2020-2070 (revisión 2023), población a mitad de año"
19,Nuevo León,2019,5792403,"CONAPO, Proyecciones de la Población de México y de las Entidades Federativas 2020-2070 (revisión 2023), población a mitad de año"
19,Nuevo León,2020,5905971,"CONAPO, Proyecciones de la Población de México y de las Entidades Federativas 2020-2070 (revisión 2023), población a mitad de año"
19,Nuevo León,2021,5996906,"CONAPO, Proyecciones de la Población de México y de las Entidades Federativas 2020-2070 (revisión 2023), población a mitad de año"
19,Nuevo León,2022,6095498,"CONAPO, Proyecciones de la Población de México y de las Entidades Federativas 2020-2070 (revisión 2023), población a mitad de año"
19,Nuevo León,2023,6202153,"CONAPO, Proyecciones de la Población de México y de las Entidades Federativas 2020-2070 (revisión 2023), población a mitad de año"
19,Nuevo León,2024,6308199,"CONAPO, Proyecciones de la Población de México y de las Entidades Federativas 2020-2070 (revisión 2023), población a mitad de año"
19,Nuevo León,2025,6413123,"CONAPO, Proyecciones de la Población de México y de las Entidades Federativas 2020-2070 (revisión 2023), población a mitad de año"
19,Nuevo León,2026,6516202,"CONAPO, Proyecciones de la Población de México y de las Entidades Federativas 2020-2070 (revisión 2023), población a mitad de año"
20,Oaxaca,2010,3892000,"CONAPO, Proyecciones de la Población de México y de las Entidades Federativas 2020-2070 (revisión 2023), población a mitad de año"
20,Oaxaca,2011,3933805,"CONAPO, Proyecciones de la Población de México y de las Entidades Federativas 2020-2070 (revisión 2023), población a mitad de año"
20,Oaxaca,2012,3971033,"CONAPO, Proyecciones de la Población de México y de las Entidades Federativas 2020-2070 (revisión 2023), población a mitad de año"
20,Oaxaca,2013,4005676,"CONAPO, Proyecciones de la Población de México y de las Entidades Federativas 2020-2070 (revisión 2023), población a mitad de año"
20,Oaxaca,2014,4037510,"CONAPO, Proyecciones de la Población de México y de las Entidades Federativas 2020-2070 (revisión 2023), población a mitad de año"
20,Oaxaca,2015,4067038,"CONAPO, Proyecciones de la Población de México y de las Entidades Federativas 2020-2070 (revisión 2023), población a mitad de año"
20,Oaxaca,2016,4095378,"CONAPO, Proyecciones de la Población de México y de las Entidades Federativas 2020-2070 (revisión 2023), población a mitad de año"
20,Oaxaca,2017,4122860,"CONAPO, Proyecciones de la Población de México y de las Entidades Federativas 2020-2070 (revisión 2023), población a mitad de año"
20,Oaxaca,2018,4151349,"CONAPO, Proyecciones de la Población de México y de las Entidades Federativas 2020-2070 (revisión 2023), población a mitad de año"
20,Oaxaca,2019,4180230,"CONAPO, Proyecciones de la Población de México y de las Entidades Federativas 2020-2070 (revisión 2023), población a mitad de año"
20,Oaxaca,2020,4204445,"CONAPO, Proyecciones de la Población de México y de las Entidades Federativas 2020-2070 (revisión 2023), población a mitad de año"
20,Oaxaca,2021,4221338,"CONAPO, Proyecciones de la Población de México y de las Entidades Federativas 2020-2070 (revisión 2023), población a mitad de año"
20,Oaxaca,2022,4244538,"CONAPO, Proyecciones de la Población de México y de las Entidades Federativas 2020-2070 (revisión 2023), población a mitad de año"
20,Oaxaca,2023,4276769,"CONAPO, Proyecciones de la Población de México y de las Entidades Federativas 2020-2070 (revisión 2023), población a mitad de año"
20,Oaxaca,2024,4308543,"CONAPO, Proyecciones de la Población de México y de las Entidades Federativas 2020-2070 (revisión 2023), población a mitad de año"
20,Oaxaca,2025,4339377,"CONAPO, Proyecciones de la Población de México y de las Entidades Federativas 2020-2070 (revisión 2023), población a mitad de año"
20,Oaxaca,2026,4368997,"CONAPO, Proyecciones de la Población de México y de las Entidades Federativas 2020-2070 (revisión 2023), población a mitad de año"
21,Puebla,2010,5935838,"CONAPO, Proyecciones de la Población de México y de las Entidades Federativas 2020-2070 (revisión 2023), población a mitad de año"
21,Puebla,2011,6019204,"CONAPO, Proyecciones de la Población de México y de las Entidades Federativas 2020-2070 (revisión 2023), población a mitad de año"
21,Puebla,2012,6102708,"CONAPO, Proyecciones de la Población de México y de las Entidades Federativas 2020-2070 (revisión 2023), población a mitad de año"
21,Puebla,2013,6183078,"CONAPO, Proyecciones de la Población de México y de las Entidades Federativas 2020-2070 (revisión 2023), población a mitad de año"
21,Puebla,2014,6259726,"CONAPO, Proyecciones de la Población de México y de las Entidades Federativas 2020-2070 (revisión 2023), población a mitad de año"
21,Puebla,2015,6333894,"CONAPO, Proyecciones de la Población de México y de las Entidades Federativas 2020-2070 (revisión 2023), población a mitad de año"
21,Puebla,2016,6407953,"CONAPO, Proyecciones de la Población de México y de las Entidades Federativas 2020-2070 (revisión 2023), población a mitad de año"
21,Puebla,2017,6482027,"CONAPO, Proyecciones de la Población de México y de las Entidades Federativas 2020-2070 (revisión 2023), población a mitad de año"
21,Puebla,2018,6558654,"CONAPO, Proyecciones de la Población de México y de las Entidades Federativas 2020-2070 (revisión 2023), población a mitad de año"
21,Puebla,2019,6637103,"CONAPO, Proyecciones de la Población de México y de las Entidades Federativas 2020-2070 (revisión 2023), población a mitad de año"
21,Puebla,2020,6705217,"CONAPO, Proyecciones de la Población de México y de las Entidades Federativas 2020-2070 (revisión 2023), población a mitad de año"
21,Puebla,2021,6758650,"CONAPO, Proyecciones de la Población de México y de las Entidades Federativas 2020-2070 (revisión 2023), población a mitad de año"
21,Puebla,2022,6824785,"CONAPO, Proyecciones de la Población de México y de las Entidades Federativas 2020-2070 (revisión 2023), población a mitad de año"
21,Puebla,2023,6907421,"CONAPO, Proyecciones de la Población de México y de las Entidades Federativas 2020-2070 (revisión 2023), población a mitad de año"
21,Puebla,2024,6989402,"CONAPO, Proyecciones de la Población de México y de las Entidades Federativas 2020-2070 (revisión 2023), población a mitad de año"
21,Puebla,2025,7070124,"CONAPO, Proyecciones de la Población de México y de las Entidades Federativas 2020-2070 (revisión 2023), población a mitad de año"
21,Puebla,2026,7149139,"CONAPO, Proyecciones de la Población de México y de las Entidades Federativas 2020-2070 (revisión 2023), población a mitad de año"
22,Querétaro,2010,1866962,"CONAPO, Proyecciones de la Población de México y de las Entidades Federativas 2020-2070 (revisión 2023), población a mitad de año"
22,Querétaro,2011,1914820,"CONAPO, Proyecciones de la Población de México y de las Entidades Federativas 2020-2070 (revisión 2023), población a mitad de año"
22,Querétaro,2012,1961944,"CONAPO, Proyecciones de la Población de México y de las Entidades Federativas 2020-2070 (revisión 2023), población a mitad de año"
22,Querétaro,2013,2008518,"CONAPO, Proyecciones de la Población de México y de las Entidades Federativas 2020-2070 (revisión 2023), población a mitad de año"
22,Querétaro,2014,2054196,"CONAPO, Proyecciones de la Población de México y de las Entidades Federativas 2020-2070 (revisión 2023), población a mitad de año"
22,Querétaro,2015,2106659,"CONAPO, Proyecciones de la Población de México y de las Entidades Federativas 2020-2070 (revisión 2023), población a mitad de año"
22,Querétaro,2016,2168910,"CONAPO, Proyecciones de la Población de México y de las Entidades Federativas 2020-2070 (revisión 2023), población a mitad de año"
22,Querétaro,2017,2233603,"CONAPO, Proyecciones de la Población de México y de las Entidades Federativas 2020-2070 (revisión 2023), población a mitad de año"
22,Querétaro,2018,2298993,"CONAPO, Proyecciones de la Población de México y de las Entidades Federativas 2020-2070 (revisión 2023), población a mitad de año"
22,Querétaro,2019,2364645,"CONAPO, Proyecciones de la Población de México y de las Entidades Federativas 2020-2070 (revisión 2023), población a mitad de año"
22,Querétaro,2020,2419819,"CONAPO, Proyecciones de la Población de México y de las Entidades Federativas 2020-2070 (revisión 2023), población a mitad de año"
22,Querétaro,2021,2462684,"CONAPO, Proyecciones de la Población de México y de las Entidades Federativas 2020-2070 (revisión 2023), población a mitad de año"
22,Querétaro,2022,2508214,"CONAPO, Proyecciones de la Población de México y de las Entidades Federativas 2020-2070 (revisión 2023), población a mitad de año"
22,Querétaro,2023,2557915,"CONAPO, Proyecciones de la Población de México y de las Entidades Federativas 2020-2070 (revisión 2023), población a mitad de año"
22,Querétaro,2024,2606698,"CONAPO, Proyecciones de la Población de México y de las Entidades Federativas 2020-2070 (revisión 2023), población a mitad de año"
22,Querétaro,2025,2654421,"CONAPO, Proyecciones de la Población de México y de las Entidades Federativas 2020-2070 (revisión 2023), población a mitad de año"
22,Querétaro,2026,2700978,"CONAPO, Proyecciones de la Población de México y de las Entidades Federativas 2020-2070 (revisión 2023), población a mitad de año"
23,Quintana Roo,2010,1343587,"CONAPO, Proyecciones de la Población de México y de las Entidades Federativas 2020-2070 (revisión 2023), población a mitad de año"
23,Quintana Roo,2011,1385266,"CONAPO, Proyecciones de la Población de México y de las Entidades Federativas 2020-2070 (revisión 2023), población a mitad de año"
23,Quintana Roo,2012,1425358,"CONAPO, Proyecciones de la Población de México y de las Entidades Federativas 2020-2070 (revisión 2023), población a mitad de año"
23,Quintana Roo,2013,1464964,"CONAPO, Proyecciones de la Población de México y de las Entidades Federativas 2020-2070 (revisión 2023), población a mitad de año"
23,Quintana Roo,2014,1503999,"CONAPO, Proyecciones de la Población de México y de las Entidades Federativas 2020-2070 (revisión 2023), población a mitad de año"
23,Quintana Roo,2015,1555088,"CONAPO, Proyecciones de la Población de México y de las Entidades Federativas 2020-2070 (revisión 2023), población a mitad de año"
23,Quintana Roo,2016,1622307,"CONAPO, Proyecciones de la Población de México y de las Entidades Federativas 2020-2070 (revisión 2023), población a mitad de año"
23,Quintana Roo,2017,1693802,"CONAPO, Proyecciones de la Población de México y de las Entidades Federativas 2020-2070 (revisión 2023), población a mitad de año"
23,Quintana Roo,2018,1767057,"CONAPO, Proyecciones de la Población de México y de las Entidades Federativas 2020-2070 (revisión 2023), población a mitad de año"
23,Quintana Roo,2019,1841470,"CONAPO, Proyecciones de la Población de México y de las Entidades Federativas 2020-2070 (revisión 2023), población a mitad de año"
23,Quintana Roo,2020,1898241,"CONAPO, Proyecciones de la Población de México y de las Entidades Federativas 2020-2070 (revisión 2023), población a mitad de año"
23,Quintana Roo,2021,1936713,"CONAPO, Proyecciones de la Población de México y de las Entidades Federativas 2020-2070 (revisión 2023), población a mitad de año"
23,Quintana Roo,2022,1977161,"CONAPO, Proyecciones de la Población de México y de las Entidades Federativas 2020-2070 (revisión 2023), población a mitad de año"
23,Quintana Roo,2023,2019606,"CONAPO, Proyecciones de la Población de México y de las Entidades Federativas 2020-2070 (revisión 2023), población a mitad de año"
23,Quintana Roo,2024,2061131,"CONAPO, Proyecciones de la Población de México y de las Entidades Federativas 2020-2070 (revisión 2023), población a mitad de año"
23,Quintana Roo,2025,2101638,"CONAPO, Proyecciones de la Población de México y de las Entidades Federativas 2020-2070 (revisión 2023), población a mitad de año"
23,Quintana Roo,2026,2141082,"CONAPO, Proyecciones de la Población de México y de las Entidades Federativas 2020-2070 (revisión 2023), población a mitad de año"
24,San Luis Potosí,2010,2641607,"CONAPO, Proyecciones de la Población de México y de las Entidades Federativas 2020-2070 (revisión 2023), población a mitad de año"
24,San Luis Potosí,2011,2673000,"CONAPO, Proyecciones de la Población de México y de las Entidades Federativas 2020-2070 (revisión 2023), población a mitad de año"
24,San Luis Potosí,2012,2703397,"CONAPO, Proyecciones de la Población de México y de las Entidades Federativas 2020-2070 (revisión 2023), población a mitad de año"
24,San Luis Potosí,2013,2732108,"CONAPO, Proyecciones de la Población de México y de las Entidades Federativas 2020-2070 (revisión 2023), población a mitad de año"
24,San Luis Potosí,2014,2758933,"CONAPO, Proyecciones de la Población de México y de las Entidades Federativas 2020-2070 (revisión 2023), población a mitad de año"
24,San Luis Potosí,2015,2781703,"CONAPO, Proyecciones de la Población de México y de las Entidades Federativas 2020-2070 (revisión 2023), población a mitad de año"
24,San Luis Potosí,2016,2800720,"CONAPO, Proyecciones de la Población de México y de las Entidades Federativas 2020-2070 (revisión 2023), población a mitad de año"
24,San Luis Potosí,2017,2818687,"CONAPO, Proyecciones de la Población de México y de las Entidades Federativas 2020-2070 (revisión 2023), población a mitad de año"
24,San Luis Potosí,2018,2837201,"CONAPO, Proyecciones de la Población de México y de las Entidades Federativas 2020-2070 (revisión 2023), población a mitad de año"
24,San Luis Potosí,2019,2855736,"CONAPO, Proyecciones de la Población de México y de las Entidades Federativas 2020-2070 (revisión 2023), población a mitad de año"
24,San Luis Potosí,2020,2871697,"CONAPO, Proyecciones de la Población de México y de las Entidades Federativas 2020-2070 (revisión 2023), población a mitad de año"
24,San Luis Potosí,2021,2885794,"CONAPO, Proyecciones de la Población de México y de las Entidades Federativas 2020-2070 (revisión 2023), población a mitad de año"
24,San Luis Potosí,2022,2905759,"CONAPO, Proyecciones de la Población de México y de las Entidades Federativas 2020-2070 (revisión 2023), población a mitad de año"
24,San Luis Potosí,2023,2931052,"CONAPO, Proyecciones de la Población de México y de las Entidades Federativas 2020-2070 (revisión 2023), población a mitad de año"
24,San Luis Potosí,2024,2955841,"CONAPO, Proyecciones de la Población de México y de las Entidades Federativas 2020-2070 (revisión 2023), población a mitad de año"
24,San Luis Potosí,2025,2979775,"CONAPO, Proyecciones de la Población de México y de las Entidades Federativas 2020-2070 (revisión 2023), población a mitad de año"
24,San Luis Potosí,2026,3002651,"CONAPO, Proyecciones de la Población de México y de las Entidades Federativas 2020-2070 (revisión 2023), población a mitad de año"
25,Sinaloa,2010,2828513,"CONAPO, Proyecciones de la Población de México y de las Entidades Federativas 2020-2070 (revisión 2023), población a mitad de año"
25,Sinaloa,2011,2869487,"CONAPO, Proyecciones de la Población de México y de las Entidades Federativas 2020-2070 (revisión 2023), población a mitad de año"
25,Sinaloa,2012,2912630,"CONAPO, Proyecciones de la Población de México y de las Entidades Federativas 2020-2070 (revisión 2023), población a mitad de año"
25,Sinaloa,2013,2953698,"CONAPO, Proyecciones de la Población de México y de las Entidades Federativas 2020-2070 (revisión 2023), población a mitad de año"
25,Sinaloa,2014,2992691,"CONAPO, Proyecciones de la Población de México y de las Entidades Federativas 2020-2070 (revisión 2023), población a mitad de año"
25,Sinaloa,2015,3019576,"CONAPO, Proyecciones de la Población de México y de las Entidades Federativas 2020-2070 (revisión 2023), población a mitad de año"
25,Sinaloa,2016,3032732,"CONAPO, Proyecciones de la Población de México y de las Entidades Federativas 2020-2070 (revisión 2023), población a mitad de año"
25,Sinaloa,2017,3043381,"CONAPO, Proyecciones de la Población de México y de las Entidades Federativas 2020-2070 (revisión 2023), población a mitad de año"
25,Sinaloa,2018,3055044,"CONAPO, Proyecciones de la Población de México y de las Entidades Federativas 2020-2070 (revisión 2023), población a mitad de año"
25,Sinaloa,2019,3066406,"CONAPO, Proyecciones de la Población de México y de las Entidades Federativas 2020-2070 (revisión 2023), población a mitad de año"
25,Sinaloa,2020,3079773,"CONAPO, Proyecciones de la Población de México y de las Entidades Federativas 2020-2070 (revisión 2023), población a mitad de año"
25,Sinaloa,2021,3096923,"CONAPO, Proyecciones de la Población de México y de las Entidades Federativas 2020-2070 (revisión 2023), población a mitad de año"
25,Sinaloa,2022,3118470,"CONAPO, Proyecciones de la Población de México y de las Entidades Federativas 2020-2070 (revisión 2023), población a mitad de año"
25,Sinaloa,2023,3142699,"CONAPO, Proyecciones de la Población de México y de las Entidades Federativas 2020-2070 (revisión 2023), población a mitad de año"
25,Sinaloa,2024,3165686,"CONAPO, Proyecciones de la Población de México y de las Entidades Federativas 2020-2070 (revisión 2023), población a mitad de año"
25,Sinaloa,2025,3187466,"CONAPO, Proyecciones de la Población de México y de las Entidades Federativas 2020-2070 (revisión 2023), población a mitad de año"
25,Sinaloa,2026,3208039,"CONAPO, Proyecciones de la Población de México y de las Entidades Federativas 2020-2070 (revisión 2023), población a mitad de año"
26,Sonora,2010,2704187,"CONAPO, Proyecciones de la Población de México y de las Entidades Federativas 2020-2070 (revisión 2023), población a mitad de año"
26,Sonora,2011,2749205,"CONAPO, Proyecciones de la Población de México y de las Entidades Federativas 2020-2070 (revisión 2023), población a mitad de año"
26,Sonora,2012,2791136,"CONAPO, Proyecciones de la Población de México y de las Entidades Federativas 2020-2070 (revisión 2023), población a mitad de año"
26,Sonora,2013,2831208,"CONAPO, Proyecciones de la Población de México y de las Entidades Federativas 2020-2070 (revisión 2023), población a mitad de año"
26,Sonora,2014,2869173,"CONAPO, Proyecciones de la Población de México y de las Entidades Federativas 2020-2070 (revisión 2023), población a mitad de año"
26,Sonora,2015,2899261,"CONAPO, Proyecciones de la Población de México y de las Entidades Federativas 2020-2070 (revisión 2023), población a mitad de año"
26,Sonora,2016,2920813,"CONAPO, Proyecciones de la Población de México y de las Entidades Federativas 2020-2070 (revisión 2023), población a mitad de año"
26,Sonora,2017,2940352,"CONAPO, Proyecciones de la Población de México y de las Entidades Federativas 2020-2070 (revisión 2023), población a mitad de año"
26,Sonora,2018,2960783,"CONAPO, Proyecciones de la Población de México y de las Entidades Federativas 2020-2070 (revisión 2023), población a mitad de año"
26,Sonora,2019,2981674,"CONAPO, Proyecciones de la Población de México y de las Entidades Federativas 2020-2070 (revisión 2023), población a mitad de año"
26,Sonora,2020,3002286,"CONAPO, Proyecciones de la Población de México y de las Entidades Federativas 2020-2070 (revisión 2023), población a mitad de año"
26,Sonora,2021,3024147,"CONAPO, Proyecciones de la Población de México y de las Entidades Federativas 2020-2070 (revisión 2023), población a mitad de año"
26,Sonora,2022,3051188,"CONAPO, Proyecciones de la Población de México y de las Entidades Federativas 2020-2070 (revisión 2023), población a mitad de año"
26,Sonora,2023,3081734,"CONAPO, Proyecciones de la Población de México y de las Entidades Federativas 2020-2070 (revisión 2023), población a mitad de año"
26,Sonora,2024,3111704,"CONAPO, Proyecciones de la Población de México y de las Entidades Federativas 2020-2070 (revisión 2023), población a mitad de año"
26,Sonora,2025,3140762,"CONAPO, Proyecciones de la Población de México y de las Entidades Federativas 2020-2070 (revisión 2023), población a mitad de año"
26,Sonora,2026,3168624,"CONAPO, Proyecciones de la Población de México y de las Entidades Federativas 2020-2070 (revisión 2023), población a mitad de año"
27,Tabasco,2010,2277499,"CONAPO, Proyecciones de la Población de México y de las Entidades Federativas 2020-2070 (revisión 2023), población a mitad de año"
27,Tabasco,2011,2316139,"CONAPO, Proyecciones de la Población de México y de las Entidades Federativas 2020-2070 (revisión 2023), población a mitad de año"
27,Tabasco,2012,2351726,"CONAPO, Proyecciones de la Población de México y de las Entidades Federativas 2020-2070 (revisión 2023), población a mitad de año"
27,Tabasco,2013,2386488,"CONAPO, Proyecciones de la Población de México y de las Entidades Federativas 2020-2070 (revisión 2023), población a mitad de año"
27,Tabasco,2014,2420042,"CONAPO, Proyecciones de la Población de México y de las Entidades Federativas 2020-2070 (revisión 2023), población a mitad de año"
27,Tabasco,2015,2440488,"CONAPO, Proyecciones de la Población de México y de las Entidades Federativas 2020-2070 (revisión 2023), población a mitad de año"
27,Tabasco,2016,2445024,"CONAPO, Proyecciones de la Población de México y de las Entidades Federativas 2020-2070 (revisión 2023), población a mitad de año"
27,Tabasco,2017,2445081,"CONAPO, Proyecciones de la Población de México y de las Entidades Federativas 2020-2070 (revisión 2023), población a mitad de año"
27,Tabasco,2018,2444325,"CONAPO, Proyecciones de la Población de México y de las Entidades Federativas 2020-2070 (revisión 2023), población a mitad de año"
27,Tabasco,2019,2442176,"CONAPO, Proyecciones de la Población de México y de las Entidades Federativas 2020-2070 (revisión 2023), población a mitad de año"
27,Tabasco,2020,2440449,"CONAPO, Proyecciones de la Población de México y de las Entidades Federativas 2020-2070 (revisión 2023), población a mitad de año"
27,Tabasco,2021,2441753,"CONAPO, Proyecciones de la Población de México y de las Entidades Federativas 2020-2070 (revisión 2023), población a mitad de año"
27,Tabasco,2022,2447193,"CONAPO, Proyecciones de la Población de México y de las Entidades Federativas 2020-2070 (revisión 2023), población a mitad de año"
27,Tabasco,2023,2454787,"CONAPO, Proyecciones de la Población de México y de las Entidades Federativas 2020-2070 (revisión 2023), población a mitad de año"
27,Tabasco,2024,2461555,"CONAPO, Proyecciones de la Población de México y de las Entidades Federativas 2020-2070 (revisión 2023), población a mitad de año"
27,Tabasco,2025,2467519,"CONAPO, Proyecciones de la Población de México y de las Entidades Federativas 2020-2070 (revisión 2023), población a mitad de año"
27,Tabasco,2026,2472668,"CONAPO, Proyecciones de la Población de México y de las Entidades Federativas 2020-2070 (revisión 2023), población a mitad de año"
28,Tamaulipas,2010,3321762,"CONAPO, Proyecciones de la Población de México y de las Entidades Federativas 2020-2070 (revisión 2023), población a mitad de año"
28,Tamaulipas,2011,3363767,"CONAPO, Proyecciones de la Población de México y de las Entidades Federativas 2020-2070 (revisión 2023), población a mitad de año"
28,Tamaulipas,2012,3402841,"CONAPO, Proyecciones de la Población de México y de las Entidades Federativas 2020-2070 (revisión 2023), población a mitad de año"
28,Tamaulipas,2013,3439496,"CONAPO, Proyecciones de la Población de México y de las Entidades Federativas 2020-2070 (revisión 2023), población a mitad de año"
28,Tamaulipas,2014,3473611,"CONAPO, Proyecciones de la Población de México y de las Entidades Federativas 2020-2070 (revisión 2023), población a mitad de año"
28,Tamaulipas,2015,3500156,"CONAPO, Proyecciones de la Población de México y de las Entidades Federativas 2020-2070 (revisión 2023), población a mitad de año"
28,Tamaulipas,2016,3519599,"CONAPO, Proyecciones de la Población de México y de las Entidades Federativas 2020-2070 (revisión 2023), población a mitad de año"
28,Tamaulipas,2017,3537686,"CONAPO, Proyecciones de la Población de México y de las Entidades Federativas 2020-2070 (revisión 2023), población a mitad de año"
28,Tamaulipas,2018,3556359,"CONAPO, Proyecciones de la Población de México y de las Entidades Federativas 2020-2070 (revisión 2023), población a mitad de año"
28,Tamaulipas,2019,3574992,"CONAPO, Proyecciones de la Población de México y de las Entidades Federativas 2020-2070 (revisión 2023), población a mitad de año"
28,Tamaulipas,2020,3595971,"CONAPO, Proyecciones de la Población de México y de las Entidades Federativas 2020-2070 (revisión 2023), población a mitad de año"
28,Tamaulipas,2021,3621934,"CONAPO, Proyecciones de la Población de México y de las Entidades Federativas 2020-2070 (revisión 2023), población a mitad de año"
28,Tamaulipas,2022,3652671,"CONAPO, Proyecciones de la Población de México y de las Entidades Federativas 2020-2070 (revisión 2023), población a mitad de año"
28,Tamaulipas,2023,3685588,"CONAPO, Proyecciones de la Población de México y de las Entidades Federativas 2020-2070 (revisión 2023), población a mitad de año"
28,Tamaulipas,2024,3717618,"CONAPO, Proyecciones de la Población de México y de las Entidades Federativas 2020-2070 (revisión 2023), población a mitad de año"
28,Tamaulipas,2025,3748419,"CONAPO, Proyecciones de la Población de México y de las Entidades Federativas 2020-2070 (revisión 2023), población a mitad de año"
28,Tamaulipas,2026,3777472,"CONAPO, Proyecciones de la Población de México y de las Entidades Federativas 2020-2070 (revisión 2023), población a mitad de año"
29,Tlaxcala,2010,1198840,"CONAPO, Proyecciones de la Población de México y de las Entidades Federativas 2020-2070 (revisión 2023), población a mitad de año"
29,Tlaxcala,2011,1221016,"CONAPO, Proyecciones de la Población de México y de las Entidades Federativas 2020-2070 (revisión 2023), población a mitad de año"
29,Tlaxcala,2012,1243812,"CONAPO, Proyecciones de la Población de México y de las Entidades Federativas 2020-2070 (revisión 2023), población a mitad de año"
29,Tlaxcala,2013,1266063,"CONAPO, Proyecciones de la Población de México y de las Entidades Federativas 2020-2070 (revisión 2023), población a mitad de año"
29,Tlaxcala,2014,1287633,"CONAPO, Proyecciones de la Población de México y de las Entidades Federativas 2020-2070 (revisión 2023), población a mitad de año"
29,Tlaxcala,2015,1305544,"CONAPO, Proyecciones de la Población de México y de las Entidades Federativas 2020-2070 (revisión 2023), población a mitad de año"
29,Tlaxcala,2016,1319228,"CONAPO, Proyecciones de la Población de México y de las Entidades Federativas 2020-2070 (revisión 2023), población a mitad de año"
29,Tlaxcala,2017,1331896,"CONAPO, Proyecciones de la Población de México y de las Entidades Federativas 2020-2070 (revisión 2023), población a mitad de año"
29,Tlaxcala,2018,1345021,"CONAPO, Proyecciones de la Población de México y de las Entidades Federativas 2020-2070 (revisión 2023), población a mitad de año"
29,Tlaxcala,2019,1358198,"CONAPO, Proyecciones de la Población de México y de las Entidades Federativas 2020-2070 (revisión 2023), población a mitad de año"
29,Tlaxcala,2020,1369950,"CONAPO, Proyecciones de la Población de México y de las Entidades Federativas 2020-2070 (revisión 2023), población a mitad de año"
29,Tlaxcala,2021,1380635,"CONAPO, Proyecciones de la Población de México y de las Entidades Federativas 2020-2070 (revisión 2023), población a mitad de año"
29,Tlaxcala,2022,1395020,"CONAPO, Proyecciones de la Población de México y de las Entidades Federativas 2020-2070 (revisión 2023), población a mitad de año"
29,Tlaxcala,2023,1412895,"CONAPO, Proyecciones de la Población de México y de las Entidades Federativas 2020-2070 (revisión 2023), población a mitad de año"
29,Tlaxcala,2024,1430497,"CONAPO, Proyecciones de la Población de México y de las Entidades Federativas 2020-2070 (revisión 2023), población a mitad de año"
29,Tlaxcala,2025,1447721,"CONAPO, Proyecciones de la Población de México y de las Entidades Federativas 2020-2070 (revisión 2023), población a mitad de año"
29,Tlaxcala,2026,1464515,"CONAPO, Proyecciones de la Población de México y de las Entidades Federativas 2020-2070 (revisión 2023), población a mitad de año"
30,Veracruz,2010,7806880,"CONAPO, Proyecciones de la Población de México y de las Entidades Federativas 2020-2070 (revisión 2023), población a mitad de año"
30,Veracruz,2011,7910343,"CONAPO, Proyecciones de la Población de México y de las Entidades Federativas 2020-2070 (revisión 2023), población a mitad de año"
30,Veracruz,2012,8011048,"CONAPO, Proyecciones de la Población de México y de las Entidades Federativas 2020-2070 (revisión 2023), población a mitad de año"
30,Veracruz,2013,8105450,"CONAPO, Proyecciones de la Población de México y de las Entidades Federativas 2020-2070 (revisión 2023), población a mitad de año"
30,Veracruz,2014,8192658,"CONAPO, Proyecciones de la Población de México y de las Entidades Federativas 2020-2070 (revisión 2023), población a mitad de año"
30,Veracruz,2015,8237896,"CONAPO, Proyecciones de la Población de México y de las Entidades Federativas 2020-2070 (revisión 2023), población a mitad de año"
30,Veracruz,2016,8234539,"CONAPO, Proyecciones de la Población de México y de las Entidades Federativas 2020-2070 (revisión 2023), población a mitad de año"
30,Veracruz,2017,8218904,"CONAPO, Proyecciones de la Población de México y de las Entidades Federativas 2020-2070 (revisión 2023), población a mitad de año"
30,Veracruz,2018,8203798,"CONAPO, Proyecciones de la Población de México y de las Entidades Federativas 2020-2070 (revisión 2023), población a mitad de año"
30,Veracruz,2019,8188082,"CONAPO, Proyecciones de la Población de México y de las Entidades Federativas 2020-2070 (revisión 2023), población a mitad de año"
30,Veracruz,2020,8169287,"CONAPO, Proyecciones de la Población de México y de las Entidades Federativas 2020-2070 (revisión 2023), población a mitad de año"
30,Veracruz,2021,8146184,"CONAPO, Proyecciones de la Población de México y de las Entidades Federativas 2020-2070 (revisión 2023), población a mitad de año"
30,Veracruz,2022,8133233,"CONAPO, Proyecciones de la Población de México y de las Entidades Federativas 2020-2070 (revisión 2023), población a mitad de año"
30,Veracruz,2023,8131584,"CONAPO, Proyecciones de la Población de México y de las Entidades Federativas 2020-2070 (revisión 2023), población a mitad de año"
30,Veracruz,2024,8127727,"CONAPO, Proyecciones de la Población de México y de las Entidades Federativas 2020-2070 (revisión 2023), población a mitad de año"
30,Veracruz,2025,8121275,"CONAPO, Proyecciones de la Población de México y de las Entidades Federativas 2020-2070 (revisión 2023), población a mitad de año"
30,Veracruz,2026,8111813,"CONAPO, Proyecciones de la Población de México y de las Entidades Federativas 2020-2070 (revisión 2023), población a mitad de año"
31,Yucatán,2010,1993112,"CONAPO, Proyecciones de la Población de México y de las Entidades Federativas 2020-2070 (revisión 2023), población a mitad de año"
31,Yucatán,2011,2025293,"CONAPO, Proyecciones de la Población de México y de las Entidades Federativas 2020-2070 (revisión 2023), población a mitad de año"
31,Yucatán,2012,2057996,"CONAPO, Proyecciones de la Población de México y de las Entidades Federativas 2020-2070 (revisión 2023), población a mitad de año"
31,Yucatán,2013,2089484,"CONAPO, Proyecciones de la Población de México y de las Entidades Federativas 2020-2070 (revisión 2023), población a mitad de año"
31,Yucatán,2014,2119530,"CONAPO, Proyecciones de la Población de México y de las Entidades Federativas 2020-2070 (revisión 2023), población a mitad de año"
31,Yucatán,2015,2154214,"CONAPO, Proyecciones de la Población de México y de las Entidades Federativas 2020-2070 (revisión 2023), población a mitad de año"
31,Yucatán,2016,2195871,"CONAPO, Proyecciones de la Población de México y de las Entidades Federativas 2020-2070 (revisión 2023), población a mitad de año"
31,Yucatán,2017,2238955,"CONAPO, Proyecciones de la Población de México y de las Entidades Federativas 2020-2070 (revisión 2023), población a mitad de año"
31,Yucatán,2018,2282762,"CONAPO, Proyecciones de la Población de México y de las Entidades Federativas 2020-2070 (revisión 2023), población a mitad de año"
31,Yucatán,2019,2326846,"CONAPO, Proyecciones de la Población de México y de las Entidades Federativas 2020-2070 (revisión 2023), población a mitad de año"
31,Yucatán,2020,2363123,"CONAPO, Proyecciones de la Población de México y de las Entidades Federativas 2020-2070 (revisión 2023), población a mitad de año"
31,Yucatán,2021,2390802,"CONAPO, Proyecciones de la Población de México y de las Entidades Federativas 2020-2070 (revisión 2023), población a mitad de año"
31,Yucatán,2022,2420401,"CONAPO, Proyecciones de la Población de México y de las Entidades Federativas 2020-2070 (revisión 2023), población a mitad de año"
31,Yucatán,2023,2452378,"CONAPO, Proyecciones de la Población de México y de las Entidades Federativas 2020-2070 (revisión 2023), población a mitad de año"
31,Yucatán,2024,2483400,"CONAPO, Proyecciones de la Población de México y de las Entidades Federativas 2020-2070 (revisión 2023), población a mitad de año"
31,Yucatán,2025,2513461,"CONAPO, Proyecciones de la Población de México y de las Entidades Federativas 2020-2070 (revisión 2023), población a mitad de año"
31,Yucatán,2026,2542536,"CONAPO, Proyecciones de la Población de México y de las Entidades Federativas 2020-2070 (revisión 2023), población a mitad de año"
32,Zacatecas,2010,1523367,"CONAPO, Proyecciones de la Población de México y de las Entidades Federativas 2020-2070 (revisión 2023), población a mitad de año"
32,Zacatecas,2011,1544531,"CONAPO, Proyecciones de la Población de México y de las Entidades Federativas 2020-2070 (revisión 2023), población a mitad de año"
32,Zacatecas,2012,1564429,"CONAPO, Proyecciones de la Población de México y de las Entidades Federativas 2020-2070 (revisión 2023), población a mitad de año"
32,Zacatecas,2013,1583078,"CONAPO, Proyecciones de la Población de México y de las Entidades Federativas 2020-2070 (revisión 2023), población a mitad de año"
32,Zacatecas,2014,1600453,"CONAPO, Proyecciones de la Población de México y de las Entidades Federativas 2020-2070 (revisión 2023), población a mitad de año"
32,Zacatecas,2015,1613116,"CONAPO, Proyecciones de la Población de México y de las Entidades Federativas 2020-2070 (revisión 2023), población a mitad de año"
32,Zacatecas,2016,1620606,"CONAPO, Proyecciones de la Población de México y de las Entidades Federativas 2020-2070 (revisión 2023), población a mitad de año"
32,Zacatecas,2017,1626770,"CONAPO, Proyecciones de la Población de México y de las Entidades Federativas 2020-2070 (revisión 2023), población a mitad de año"
32,Zacatecas,2018,1633390,"CONAPO, Proyecciones de la Población de México y de las Entidades Federativas 2020-2070 (revisión 2023), población a mitad de año"
32,Zacatecas,2019,1639972,"CONAPO, Proyecciones de la Población de México y de las Entidades Federativas 2020-2070 (revisión 2023), población a mitad de año"
32,Zacatecas,2020,1647038,"CONAPO, Proyecciones de la Población de México y de las Entidades Federativas 2020-2070 (revisión 2023), población a mitad de año"
32,Zacatecas,2021,1655403,"CONAPO, Proyecciones de la Población de México y de las Entidades Federativas 2020-2070 (revisión 2023), población a mitad de año"
32,Zacatecas,2022,1667567,"CONAPO, Proyecciones de la Población de México y de las Entidades Federativas 2020-2070 (revisión 2023), población a mitad de año"
32,Zacatecas,2023,1683013,"CONAPO, Proyecciones de la Población de México y de las Entidades Federativas 2020-2070 (revisión 2023), población a mitad de año"
32,Zacatecas,2024,1698252,"CONAPO, Proyecciones de la Población de México y de las Entidades Federativas 2020-2070 (revisión 2023), población a mitad de año"
32,Zacatecas,2025,1712936,"CONAPO, Proyecciones de la Población de México y de las Entidades Federativas 2020-2070 (revisión 2023), población a mitad de año"
32,Zacatecas,2026,1726898,"CONAPO, Proyecciones de la Población de México y de las Entidades Federativas 2020-2070 (revisión 2023), población a mitad de año"
